{"cameraMode":{"drawMode":0,"name":"Shaded","section":"Shading Mode"},"sceneLighting":false,"audioPlay":false,"sceneViewState":{"m_AlwaysRefresh":false,"showFog":true,"showSkybox":false,"showFlares":true,"showImageEffects":true,"showParticleSystems":true,"showVisualEffectGraphs":true,"m_FxEnabled":true},"in2DMode":false,"pivot":{"x":-0.044864390045404437,"y":0.5616096258163452,"z":0.5118975639343262},"rotation":{"x":-0.24087505042552949,"y":0.01804986037313938,"z":-0.0044748177751898769,"w":-0.9703856110572815},"size":1.3150548934936524,"orthographic":false}